genero,artistas_fora,musicas_fora,top_artistas
sem-genero,131187,641934,"andre-aquino(49); raquel-mello(49); casa-worship(49); turf(49); ana-gabriela-leme(49); projota(49); banda-dom(49); paula-mattos(49); louvor-alianca(49); banda-louvor-gloria(49)"
reggaeton,2,90,"ozuna(46); nicky-jam(44)"
regional,3,76,"rolando-boldrin(48); grupo-frontera(19); grupo-querencia(9)"
cumbia,3,70,"rafaga(38); la-sonora-dinamita(31); emanuel-cortes(1)"
j-popj-rock,2,52,"dir-en-grey(37); glay(15)"
surf-music,2,51,"dick-dale(28); australian-crawl(23)"
soul,2,48,"sandra-de-sa(34); king-ben-e(14)"
vallenato,1,45,"los-diablitos(45)"
rockabilly,1,42,"stray-cats(42)"
post-rock,2,41,"appleseed-cast(23); godspeed-you-black-emperor(18)"
world-music,1,40,"sergio-godinho(40)"
musica-andina,1,38,"sol-lluvia(38)"
ska,1,38,"panteon-rococo(38)"
tecnopop,1,38,"dover(38)"
gotico,1,37,"the-69-eyes(37)"
bolero,1,36,"los-tres-diamantes(36)"
nativista,1,35,"grupo-rodeio(35)"
classico,1,35,"il-volo(35)"
blues,1,34,"etta-james(34)"
trova,1,31,"jorge-fandermole(31)"
jazz,2,31,"ruben-rada(26); rita-payes(5)"
hip-hop-rap,1,30,"ivyson(30)"
salsa,1,24,"celia-cruz(24)"
dance,1,24,"gigi-dagostino(24)"
samba-enredo,2,23,"salgueiro-rj(12); uniao-da-ilha-rj(11)"
mariachi,2,21,"el-bebeto(19); los-criollos(2)"
psicodelia,2,21,"crumb(15); mild-high-club(6)"
funk-internacional,2,19,"alan(14); rick-james(5)"
house,1,19,"deadmau5(19)"
funk,1,14,"mc-pedrinho(14)"
piseiro,1,14,"grelo-da-seresta(14)"
experimental,3,14,"john-carpenter(12); jaydes(1); your-anxiety-buddy(1)"
mambo,2,14,"cheo-feliciano(9); beny-more(5)"
tango,1,13,"carlos-roldan(13)"
jovem-guarda,1,10,"celly-campello(10)"
disco,1,9,"cara-irene(9)"
trap,1,8,"lourena(8)"
industrial,1,7,"dagoba(7)"
marchas-hinos,1,6,"vasco-da-gama(6)"
hardcore,1,6,"drops(6)"
bachata,1,6,"eddy-herrera(6)"
merengue,1,4,"wilfrido-vargas(4)"
guarania,1,3,"demetrio-ortiz(3)"
hyperpop,3,3,"turma-da-batatinha(1); twikipedia(1); oklou(1)"
dancehall,3,3,"charly-black(1); swan-fyahbwoy(1); nsg(1)"
afrobeats,1,2,"gerilson-insrael(2)"
power-pop,1,2,"bloki(2)"
musica-de-banda,1,1,"sharon-y-los-camperos-del-chamame(1)"
velha-guarda,1,1,"zequinha-de-abreu(1)"
